epoch,train_loss,val_loss,dice,iou,precision,recall,bs,lr,weightdecay,accusteps
1,0.6874,0.6651,0.0792,0.0,0.0,0.0,2,0.00010401663679887307,3.776663327107337e-06,4
2,0.6793,0.6667,0.0724,0.0,0.0045,0.0,2,0.00010401663679887307,3.776663327107337e-06,4
3,0.6763,0.6653,0.0718,0.0,0.0,0.0,2,0.00010401663679887307,3.776663327107337e-06,4
4,0.658,0.6425,0.1202,0.0309,0.3098,0.0338,2,0.00010401663679887307,3.776663327107337e-06,4
5,0.6372,0.623,0.124,0.0284,0.6413,0.0294,2,0.00010401663679887307,3.776663327107337e-06,4
6,0.6131,0.6043,0.1588,0.1785,0.5097,0.2187,2,0.00010401663679887307,3.776663327107337e-06,4
7,0.6035,0.5911,0.1766,0.2399,0.5416,0.3018,2,0.00010401663679887307,3.776663327107337e-06,4
8,0.5914,0.581,0.193,0.2809,0.5537,0.3638,2,0.00010401663679887307,3.776663327107337e-06,4
9,0.5793,0.5691,0.2084,0.315,0.5739,0.4116,2,0.00010401663679887307,3.776663327107337e-06,4
10,0.566,0.5562,0.2173,0.3368,0.6426,0.4147,2,0.00010401663679887307,3.776663327107337e-06,4
11,0.5558,0.5456,0.2376,0.4105,0.6441,0.532,2,0.00010401663679887307,3.776663327107337e-06,4
12,0.5384,0.5372,0.2417,0.4315,0.6969,0.5327,2,0.00010401663679887307,3.776663327107337e-06,4
13,0.5402,0.5288,0.2628,0.4718,0.6485,0.6367,2,0.00010401663679887307,3.776663327107337e-06,4
14,0.5302,0.5158,0.2785,0.4835,0.6661,0.6416,2,0.00010401663679887307,3.776663327107337e-06,4
15,0.5158,0.5078,0.3004,0.4948,0.627,0.7045,2,0.00010401663679887307,3.776663327107337e-06,4
16,0.5163,0.5012,0.3076,0.5062,0.6424,0.7077,2,0.00010401663679887307,3.776663327107337e-06,4
17,0.5019,0.4973,0.3009,0.5175,0.7024,0.6651,2,0.00010401663679887307,3.776663327107337e-06,4
18,0.4988,0.4929,0.3109,0.5274,0.6879,0.6958,2,0.00010401663679887307,3.776663327107337e-06,4
19,0.4985,0.4896,0.3132,0.5317,0.7056,0.6858,2,0.00010401663679887307,3.776663327107337e-06,4
20,0.4969,0.4843,0.3266,0.5391,0.687,0.7174,2,0.00010401663679887307,3.776663327107337e-06,4
21,0.4974,0.4822,0.3384,0.5371,0.6562,0.7504,2,0.00010401663679887307,3.776663327107337e-06,4
22,0.4855,0.4797,0.328,0.5441,0.7182,0.6947,2,0.00010401663679887307,3.776663327107337e-06,4
23,0.4812,0.4796,0.3238,0.5403,0.7486,0.6628,2,0.00010401663679887307,3.776663327107337e-06,4
24,0.4905,0.4757,0.3385,0.5531,0.7002,0.7279,2,0.00010401663679887307,3.776663327107337e-06,4
25,0.476,0.4744,0.339,0.5558,0.7081,0.7249,2,0.00010401663679887307,3.776663327107337e-06,4
1,0.6669,0.6453,0.0932,0.0,0.0,0.0,2,0.00044447541666908124,0.0011999975480350797,1
2,0.6399,0.6238,0.1286,0.0509,0.6263,0.0528,2,0.00044447541666908124,0.0011999975480350797,1
3,0.6281,0.6141,0.1387,0.0941,0.6512,0.1,2,0.00044447541666908124,0.0011999975480350797,1
4,0.6046,0.5809,0.1785,0.2307,0.8388,0.2452,2,0.00044447541666908124,0.0011999975480350797,1
5,0.543,0.5127,0.2948,0.5156,0.6382,0.7337,2,0.00044447541666908124,0.0011999975480350797,1
6,0.496,0.4947,0.3294,0.5232,0.6184,0.7761,2,0.00044447541666908124,0.0011999975480350797,1
7,0.4937,0.477,0.3282,0.5476,0.749,0.6739,2,0.00044447541666908124,0.0011999975480350797,1
8,0.4867,0.4952,0.3493,0.516,0.5758,0.8355,2,0.00044447541666908124,0.0011999975480350797,1
9,0.4812,0.47,0.3401,0.5648,0.7377,0.7094,2,0.00044447541666908124,0.0011999975480350797,1
10,0.4755,0.4671,0.3574,0.5646,0.6817,0.7703,2,0.00044447541666908124,0.0011999975480350797,1
11,0.4864,0.4674,0.3595,0.5693,0.6704,0.7941,2,0.00044447541666908124,0.0011999975480350797,1
12,0.4741,0.4636,0.3527,0.5759,0.7262,0.738,2,0.00044447541666908124,0.0011999975480350797,1
13,0.4769,0.4655,0.3536,0.5766,0.6989,0.77,2,0.00044447541666908124,0.0011999975480350797,1
14,0.4685,0.4639,0.347,0.584,0.7406,0.7376,2,0.00044447541666908124,0.0011999975480350797,1
15,0.4815,0.4752,0.3596,0.5528,0.6252,0.8291,2,0.00044447541666908124,0.0011999975480350797,1
16,0.467,0.4617,0.3559,0.5902,0.7177,0.771,2,0.00044447541666908124,0.0011999975480350797,1
17,0.475,0.4666,0.3532,0.5725,0.6881,0.7756,2,0.00044447541666908124,0.0011999975480350797,1
18,0.4792,0.4693,0.3369,0.5766,0.7472,0.7193,2,0.00044447541666908124,0.0011999975480350797,1
19,0.4667,0.4623,0.3686,0.5686,0.6769,0.784,2,0.00044447541666908124,0.0011999975480350797,1
20,0.4778,0.4664,0.3625,0.5725,0.6722,0.7982,2,0.00044447541666908124,0.0011999975480350797,1
21,0.4666,0.4581,0.3656,0.5825,0.7133,0.763,2,0.00044447541666908124,0.0011999975480350797,1
22,0.462,0.4561,0.3676,0.5911,0.7099,0.7819,2,0.00044447541666908124,0.0011999975480350797,1
23,0.474,0.4681,0.3607,0.5764,0.6595,0.8228,2,0.00044447541666908124,0.0011999975480350797,1
24,0.476,0.4814,0.3407,0.5686,0.6629,0.8021,2,0.00044447541666908124,0.0011999975480350797,1
25,0.4708,0.4626,0.3535,0.5754,0.7641,0.7029,2,0.00044447541666908124,0.0011999975480350797,1
1,0.692,0.6666,0.0789,0.0,0.0,0.0,2,3.1245650712608725e-05,0.0001833266087018813,4
2,0.6841,0.6674,0.0835,0.0022,0.0329,0.0024,2,3.1245650712608725e-05,0.0001833266087018813,4
3,0.6842,0.6689,0.0771,0.0005,0.0317,0.0005,2,3.1245650712608725e-05,0.0001833266087018813,4
4,0.672,0.6537,0.0913,0.0,0.0,0.0,2,3.1245650712608725e-05,0.0001833266087018813,4
5,0.6658,0.6482,0.1034,0.0007,0.0559,0.0007,2,3.1245650712608725e-05,0.0001833266087018813,4
6,0.653,0.6438,0.1179,0.0102,0.1611,0.0107,2,3.1245650712608725e-05,0.0001833266087018813,4
7,0.6479,0.6355,0.1282,0.0421,0.37,0.0472,2,3.1245650712608725e-05,0.0001833266087018813,4
8,0.6401,0.6312,0.117,0.0276,0.3901,0.0295,2,3.1245650712608725e-05,0.0001833266087018813,4
9,0.6386,0.6267,0.1212,0.0446,0.4596,0.0486,2,3.1245650712608725e-05,0.0001833266087018813,4
10,0.6276,0.6215,0.1314,0.0735,0.5564,0.0813,2,3.1245650712608725e-05,0.0001833266087018813,4
11,0.6264,0.6162,0.1467,0.1285,0.5391,0.1519,2,3.1245650712608725e-05,0.0001833266087018813,4
12,0.619,0.6105,0.1568,0.1736,0.5372,0.2107,2,3.1245650712608725e-05,0.0001833266087018813,4
13,0.6167,0.6084,0.1584,0.1771,0.5444,0.2116,2,3.1245650712608725e-05,0.0001833266087018813,4
14,0.6157,0.6003,0.1647,0.2017,0.5642,0.2417,2,3.1245650712608725e-05,0.0001833266087018813,4
15,0.6087,0.596,0.1689,0.2141,0.5715,0.2574,2,3.1245650712608725e-05,0.0001833266087018813,4
16,0.6009,0.592,0.175,0.2319,0.5629,0.2858,2,3.1245650712608725e-05,0.0001833266087018813,4
17,0.6028,0.5885,0.18,0.2477,0.5701,0.3075,2,3.1245650712608725e-05,0.0001833266087018813,4
18,0.5963,0.5862,0.187,0.2742,0.568,0.3491,2,3.1245650712608725e-05,0.0001833266087018813,4
19,0.5958,0.5837,0.1902,0.2848,0.5737,0.3628,2,3.1245650712608725e-05,0.0001833266087018813,4
20,0.5848,0.5789,0.202,0.3116,0.5479,0.4207,2,3.1245650712608725e-05,0.0001833266087018813,4
21,0.5826,0.5755,0.2064,0.3216,0.5529,0.4359,2,3.1245650712608725e-05,0.0001833266087018813,4
22,0.574,0.5702,0.2074,0.3239,0.5876,0.42,2,3.1245650712608725e-05,0.0001833266087018813,4
23,0.5741,0.5661,0.2069,0.3198,0.6205,0.3984,2,3.1245650712608725e-05,0.0001833266087018813,4
24,0.5736,0.5625,0.2135,0.3382,0.6178,0.4284,2,3.1245650712608725e-05,0.0001833266087018813,4
25,0.5732,0.5576,0.2172,0.3459,0.6394,0.4306,2,3.1245650712608725e-05,0.0001833266087018813,4
1,0.6878,0.6646,0.0774,0.0,0.0,0.0,2,7.475992999956501e-05,0.00015535445807588442,2
2,0.676,0.6627,0.08,0.0004,0.0133,0.0005,2,7.475992999956501e-05,0.00015535445807588442,2
3,0.6695,0.6605,0.0803,0.0002,0.0097,0.0002,2,7.475992999956501e-05,0.00015535445807588442,2
4,0.656,0.6561,0.0747,0.0103,0.1651,0.011,2,7.475992999956501e-05,0.00015535445807588442,2
5,0.6374,0.62,0.1675,0.2034,0.4492,0.2944,2,7.475992999956501e-05,0.00015535445807588442,2
6,0.611,0.5971,0.1861,0.263,0.4764,0.3768,2,7.475992999956501e-05,0.00015535445807588442,2
7,0.5972,0.5858,0.2035,0.2991,0.4851,0.4435,2,7.475992999956501e-05,0.00015535445807588442,2
8,0.5858,0.5748,0.2027,0.3017,0.5503,0.4025,2,7.475992999956501e-05,0.00015535445807588442,2
9,0.5803,0.564,0.2024,0.2868,0.6369,0.3442,2,7.475992999956501e-05,0.00015535445807588442,2
10,0.5548,0.5476,0.2372,0.3942,0.622,0.5211,2,7.475992999956501e-05,0.00015535445807588442,2
11,0.5492,0.5345,0.2609,0.4559,0.6211,0.6354,2,7.475992999956501e-05,0.00015535445807588442,2
12,0.5357,0.5211,0.2816,0.4767,0.6168,0.6807,2,7.475992999956501e-05,0.00015535445807588442,2
13,0.5355,0.514,0.2882,0.4954,0.6407,0.6891,2,7.475992999956501e-05,0.00015535445807588442,2
14,0.518,0.5008,0.3003,0.5086,0.6793,0.6725,2,7.475992999956501e-05,0.00015535445807588442,2
15,0.5084,0.4954,0.314,0.5201,0.6648,0.7085,2,7.475992999956501e-05,0.00015535445807588442,2
16,0.5048,0.4917,0.3248,0.524,0.6476,0.7366,2,7.475992999956501e-05,0.00015535445807588442,2
17,0.4934,0.4888,0.3157,0.5348,0.7017,0.6953,2,7.475992999956501e-05,0.00015535445807588442,2
18,0.491,0.485,0.329,0.5411,0.6752,0.7349,2,7.475992999956501e-05,0.00015535445807588442,2
19,0.4911,0.4823,0.3259,0.5423,0.7072,0.7026,2,7.475992999956501e-05,0.00015535445807588442,2
20,0.4892,0.4796,0.3386,0.5454,0.6734,0.7451,2,7.475992999956501e-05,0.00015535445807588442,2
21,0.4857,0.4761,0.3373,0.5542,0.7041,0.7257,2,7.475992999956501e-05,0.00015535445807588442,2
22,0.4818,0.4736,0.3448,0.5566,0.6944,0.7411,2,7.475992999956501e-05,0.00015535445807588442,2
23,0.4721,0.4742,0.3348,0.5525,0.7397,0.6893,2,7.475992999956501e-05,0.00015535445807588442,2
24,0.4802,0.4743,0.3507,0.5537,0.668,0.7681,2,7.475992999956501e-05,0.00015535445807588442,2
25,0.489,0.4702,0.3445,0.5624,0.7235,0.7202,2,7.475992999956501e-05,0.00015535445807588442,2
1,0.6858,0.6706,0.0634,0.0,0.0,0.0,4,0.000236288641842364,1.3389279116695482e-05,2
2,0.6685,0.6644,0.0714,0.0,0.0,0.0,4,0.000236288641842364,1.3389279116695482e-05,2
3,0.6641,0.6545,0.0839,0.0,0.0,0.0,4,0.000236288641842364,1.3389279116695482e-05,2
4,0.6466,0.6237,0.1502,0.1246,0.5525,0.1542,4,0.000236288641842364,1.3389279116695482e-05,2
5,0.6178,0.5929,0.1817,0.2446,0.5346,0.313,4,0.000236288641842364,1.3389279116695482e-05,2
6,0.5935,0.5739,0.217,0.3314,0.5361,0.4664,4,0.000236288641842364,1.3389279116695482e-05,2
7,0.5657,0.5497,0.2291,0.3642,0.6608,0.451,4,0.000236288641842364,1.3389279116695482e-05,2
8,0.5371,0.5335,0.2447,0.4269,0.7247,0.5133,4,0.000236288641842364,1.3389279116695482e-05,2
9,0.5225,0.5134,0.2916,0.4968,0.6387,0.6932,4,0.000236288641842364,1.3389279116695482e-05,2
10,0.5041,0.5053,0.3232,0.4954,0.5814,0.7717,4,0.000236288641842364,1.3389279116695482e-05,2
11,0.4981,0.4902,0.3325,0.526,0.6346,0.7561,4,0.000236288641842364,1.3389279116695482e-05,2
12,0.5047,0.4809,0.3359,0.5426,0.6851,0.7247,4,0.000236288641842364,1.3389279116695482e-05,2
13,0.4919,0.4771,0.3449,0.5481,0.6806,0.7406,4,0.000236288641842364,1.3389279116695482e-05,2
14,0.4909,0.4744,0.3492,0.5527,0.6825,0.7469,4,0.000236288641842364,1.3389279116695482e-05,2
15,0.4822,0.4723,0.3418,0.5543,0.7321,0.6976,4,0.000236288641842364,1.3389279116695482e-05,2
16,0.4746,0.4704,0.3442,0.5593,0.7433,0.6955,4,0.000236288641842364,1.3389279116695482e-05,2
17,0.475,0.4683,0.3514,0.5628,0.7341,0.7093,4,0.000236288641842364,1.3389279116695482e-05,2
18,0.4794,0.4659,0.3609,0.5651,0.706,0.7414,4,0.000236288641842364,1.3389279116695482e-05,2
19,0.4804,0.4647,0.3636,0.567,0.6984,0.753,4,0.000236288641842364,1.3389279116695482e-05,2
20,0.4725,0.464,0.3612,0.5693,0.7097,0.7443,4,0.000236288641842364,1.3389279116695482e-05,2
21,0.4687,0.4631,0.3662,0.5707,0.6979,0.7605,4,0.000236288641842364,1.3389279116695482e-05,2
22,0.4843,0.4622,0.3665,0.5725,0.7028,0.7581,4,0.000236288641842364,1.3389279116695482e-05,2
23,0.4771,0.4608,0.3669,0.5755,0.7122,0.7525,4,0.000236288641842364,1.3389279116695482e-05,2
24,0.4709,0.4616,0.3625,0.5732,0.7265,0.7331,4,0.000236288641842364,1.3389279116695482e-05,2
25,0.4743,0.4632,0.3575,0.5696,0.7427,0.7118,4,0.000236288641842364,1.3389279116695482e-05,2
1,0.6619,0.6379,0.0956,0.0,0.0,0.0,2,0.0003506776499297217,9.061902594114385e-06,1
2,0.6233,0.6034,0.1467,0.1105,0.6968,0.1164,2,0.0003506776499297217,9.061902594114385e-06,1
3,0.6012,0.58,0.1958,0.3001,0.6077,0.375,2,0.0003506776499297217,9.061902594114385e-06,1
4,0.5594,0.5151,0.297,0.4855,0.601,0.7249,2,0.0003506776499297217,9.061902594114385e-06,1
5,0.5223,0.4851,0.3172,0.5282,0.7472,0.6486,2,0.0003506776499297217,9.061902594114385e-06,1
6,0.488,0.4741,0.3477,0.5521,0.6835,0.7467,2,0.0003506776499297217,9.061902594114385e-06,1
7,0.4805,0.4731,0.3392,0.5539,0.7574,0.6775,2,0.0003506776499297217,9.061902594114385e-06,1
8,0.4856,0.4678,0.3604,0.5622,0.6787,0.7702,2,0.0003506776499297217,9.061902594114385e-06,1
9,0.4795,0.464,0.3592,0.5727,0.7046,0.7578,2,0.0003506776499297217,9.061902594114385e-06,1
10,0.4704,0.4626,0.3594,0.5734,0.7183,0.7435,2,0.0003506776499297217,9.061902594114385e-06,1
11,0.4713,0.4632,0.3489,0.5751,0.7594,0.706,2,0.0003506776499297217,9.061902594114385e-06,1
12,0.4716,0.4635,0.3554,0.5725,0.754,0.7063,2,0.0003506776499297217,9.061902594114385e-06,1
13,0.4659,0.4619,0.3593,0.5748,0.7307,0.7332,2,0.0003506776499297217,9.061902594114385e-06,1
14,0.4752,0.457,0.3689,0.5854,0.7119,0.77,2,0.0003506776499297217,9.061902594114385e-06,1
15,0.4705,0.4593,0.3649,0.5784,0.7152,0.7535,2,0.0003506776499297217,9.061902594114385e-06,1
16,0.4693,0.4743,0.3371,0.549,0.8013,0.6373,2,0.0003506776499297217,9.061902594114385e-06,1
17,0.4619,0.4556,0.3679,0.5898,0.7408,0.7454,2,0.0003506776499297217,9.061902594114385e-06,1
18,0.4558,0.4587,0.3592,0.5826,0.7452,0.73,2,0.0003506776499297217,9.061902594114385e-06,1
19,0.4636,0.4563,0.3707,0.5879,0.7303,0.7544,2,0.0003506776499297217,9.061902594114385e-06,1
20,0.4592,0.4572,0.3805,0.5795,0.6727,0.8104,2,0.0003506776499297217,9.061902594114385e-06,1
21,0.4578,0.4518,0.3744,0.5974,0.7319,0.7679,2,0.0003506776499297217,9.061902594114385e-06,1
22,0.4677,0.4539,0.3678,0.5934,0.7519,0.741,2,0.0003506776499297217,9.061902594114385e-06,1
23,0.4665,0.4521,0.3758,0.596,0.7184,0.7801,2,0.0003506776499297217,9.061902594114385e-06,1
24,0.4704,0.4547,0.3707,0.5907,0.7318,0.7569,2,0.0003506776499297217,9.061902594114385e-06,1
25,0.4641,0.4549,0.3661,0.5926,0.7607,0.7307,2,0.0003506776499297217,9.061902594114385e-06,1
1,0.6897,0.6696,0.0691,0.0,0.0,0.0,4,0.0002074566765675253,0.0029866092370009418,4
2,0.6872,0.6668,0.0811,0.0,0.0,0.0,4,0.0002074566765675253,0.0029866092370009418,4
3,0.6821,0.6682,0.0794,0.0001,0.0222,0.0001,4,0.0002074566765675253,0.0029866092370009418,4
4,0.6748,0.6599,0.0799,0.0,0.0,0.0,4,0.0002074566765675253,0.0029866092370009418,4
5,0.6591,0.6553,0.0728,0.0,0.0,0.0,4,0.0002074566765675253,0.0029866092370009418,4
6,0.6501,0.6349,0.1055,0.0023,0.0845,0.0023,4,0.0002074566765675253,0.0029866092370009418,4
7,0.6369,0.6387,0.1715,0.2385,0.4283,0.3554,4,0.0002074566765675253,0.0029866092370009418,4
8,0.6263,0.6314,0.1904,0.2726,0.378,0.4984,4,0.0002074566765675253,0.0029866092370009418,4
9,0.6099,0.5994,0.1793,0.2445,0.4958,0.3279,4,0.0002074566765675253,0.0029866092370009418,4
10,0.6058,0.5905,0.1873,0.2655,0.5189,0.3536,4,0.0002074566765675253,0.0029866092370009418,4
11,0.5966,0.5824,0.1998,0.2924,0.5254,0.3984,4,0.0002074566765675253,0.0029866092370009418,4
12,0.5856,0.5755,0.2063,0.3098,0.5514,0.415,4,0.0002074566765675253,0.0029866092370009418,4
13,0.5835,0.5675,0.2134,0.3252,0.5761,0.4282,4,0.0002074566765675253,0.0029866092370009418,4
14,0.5722,0.5621,0.2187,0.3433,0.5993,0.4465,4,0.0002074566765675253,0.0029866092370009418,4
15,0.5696,0.5538,0.2302,0.3819,0.6177,0.5012,4,0.0002074566765675253,0.0029866092370009418,4
16,0.5629,0.5487,0.2451,0.422,0.5939,0.5946,4,0.0002074566765675253,0.0029866092370009418,4
17,0.5561,0.5411,0.2486,0.4373,0.6344,0.5861,4,0.0002074566765675253,0.0029866092370009418,4
18,0.5558,0.5348,0.261,0.4567,0.6203,0.6361,4,0.0002074566765675253,0.0029866092370009418,4
19,0.5474,0.5306,0.267,0.4637,0.6201,0.65,4,0.0002074566765675253,0.0029866092370009418,4
20,0.5404,0.5244,0.2665,0.4723,0.6712,0.6168,4,0.0002074566765675253,0.0029866092370009418,4
21,0.5275,0.5187,0.2729,0.4794,0.6813,0.6204,4,0.0002074566765675253,0.0029866092370009418,4
22,0.5295,0.5169,0.2803,0.4886,0.6563,0.6591,4,0.0002074566765675253,0.0029866092370009418,4
23,0.5249,0.5114,0.2876,0.4959,0.6618,0.6665,4,0.0002074566765675253,0.0029866092370009418,4
24,0.5098,0.5058,0.2964,0.5046,0.6641,0.6793,4,0.0002074566765675253,0.0029866092370009418,4
25,0.5118,0.5024,0.3016,0.5115,0.6659,0.6898,4,0.0002074566765675253,0.0029866092370009418,4
1,0.689,0.6658,0.0814,0.0,0.0,0.0,2,3.5704789209099774e-05,2.7397165671606668e-05,2
2,0.6794,0.6645,0.0881,0.0015,0.0314,0.0016,2,3.5704789209099774e-05,2.7397165671606668e-05,2
3,0.6795,0.6658,0.0777,0.0003,0.0102,0.0003,2,3.5704789209099774e-05,2.7397165671606668e-05,2
4,0.6618,0.6471,0.1057,0.0,0.0056,0.0,2,3.5704789209099774e-05,2.7397165671606668e-05,2
5,0.6529,0.6422,0.0951,0.0021,0.194,0.0022,2,3.5704789209099774e-05,2.7397165671606668e-05,2
6,0.6404,0.6305,0.1496,0.1348,0.4712,0.1696,2,3.5704789209099774e-05,2.7397165671606668e-05,2
7,0.6238,0.6149,0.1618,0.1926,0.5055,0.2467,2,3.5704789209099774e-05,2.7397165671606668e-05,2
8,0.6099,0.6119,0.1645,0.2001,0.5258,0.2496,2,3.5704789209099774e-05,2.7397165671606668e-05,2
9,0.6106,0.6032,0.1871,0.2775,0.4846,0.3992,2,3.5704789209099774e-05,2.7397165671606668e-05,2
10,0.5944,0.5867,0.1817,0.2505,0.5778,0.3088,2,3.5704789209099774e-05,2.7397165671606668e-05,2
11,0.5905,0.5798,0.1996,0.304,0.5587,0.4012,2,3.5704789209099774e-05,2.7397165671606668e-05,2
12,0.5734,0.5749,0.1898,0.2714,0.6504,0.319,2,3.5704789209099774e-05,2.7397165671606668e-05,2
13,0.5788,0.5687,0.2035,0.317,0.6372,0.3879,2,3.5704789209099774e-05,2.7397165671606668e-05,2
14,0.568,0.5571,0.2169,0.3447,0.6532,0.4232,2,3.5704789209099774e-05,2.7397165671606668e-05,2
15,0.5531,0.55,0.2273,0.3827,0.6666,0.4746,2,3.5704789209099774e-05,2.7397165671606668e-05,2
16,0.5481,0.5408,0.2355,0.4003,0.694,0.4871,2,3.5704789209099774e-05,2.7397165671606668e-05,2
17,0.5509,0.5347,0.2431,0.4222,0.7078,0.5127,2,3.5704789209099774e-05,2.7397165671606668e-05,2
18,0.5393,0.5309,0.2506,0.45,0.7054,0.5556,2,3.5704789209099774e-05,2.7397165671606668e-05,2
19,0.53,0.5259,0.2626,0.4751,0.6771,0.6164,2,3.5704789209099774e-05,2.7397165671606668e-05,2
20,0.5329,0.5161,0.2806,0.4888,0.6572,0.6588,2,3.5704789209099774e-05,2.7397165671606668e-05,2
21,0.5185,0.5115,0.2811,0.4955,0.6929,0.6381,2,3.5704789209099774e-05,2.7397165671606668e-05,2
22,0.5125,0.5073,0.2903,0.5069,0.6777,0.6705,2,3.5704789209099774e-05,2.7397165671606668e-05,2
23,0.511,0.5039,0.2833,0.4969,0.749,0.5984,2,3.5704789209099774e-05,2.7397165671606668e-05,2
24,0.5116,0.501,0.2961,0.5185,0.6985,0.6708,2,3.5704789209099774e-05,2.7397165671606668e-05,2
25,0.5087,0.4969,0.3015,0.5234,0.7054,0.6725,2,3.5704789209099774e-05,2.7397165671606668e-05,2
1,0.6697,0.6491,0.0854,0.0,0.0,0.0,2,0.0002306261812167793,1.8869508789698243e-06,1
2,0.6329,0.6222,0.1286,0.0412,0.7158,0.0423,2,0.0002306261812167793,1.8869508789698243e-06,1
3,0.6256,0.6058,0.1494,0.1242,0.6638,0.1333,2,0.0002306261812167793,1.8869508789698243e-06,1
4,0.5756,0.59,0.1439,0.0719,0.9052,0.0725,2,0.0002306261812167793,1.8869508789698243e-06,1
5,0.5138,0.5014,0.2911,0.5224,0.7258,0.6559,2,0.0002306261812167793,1.8869508789698243e-06,1
6,0.4818,0.4798,0.3394,0.5444,0.671,0.7471,2,0.0002306261812167793,1.8869508789698243e-06,1
7,0.49,0.4701,0.3504,0.5643,0.7014,0.7466,2,0.0002306261812167793,1.8869508789698243e-06,1
8,0.4711,0.4703,0.354,0.5571,0.6875,0.7499,2,0.0002306261812167793,1.8869508789698243e-06,1
9,0.4788,0.4667,0.3544,0.5654,0.7139,0.7353,2,0.0002306261812167793,1.8869508789698243e-06,1
10,0.4796,0.4619,0.3579,0.5776,0.7314,0.7376,2,0.0002306261812167793,1.8869508789698243e-06,1
11,0.4689,0.4623,0.3655,0.5731,0.7011,0.7623,2,0.0002306261812167793,1.8869508789698243e-06,1
12,0.4697,0.4681,0.3469,0.5588,0.7549,0.6845,2,0.0002306261812167793,1.8869508789698243e-06,1
13,0.4853,0.462,0.3639,0.574,0.7014,0.7626,2,0.0002306261812167793,1.8869508789698243e-06,1
14,0.4703,0.4614,0.3575,0.5771,0.7283,0.7375,2,0.0002306261812167793,1.8869508789698243e-06,1
15,0.4607,0.4571,0.3704,0.5857,0.7079,0.7751,2,0.0002306261812167793,1.8869508789698243e-06,1
16,0.4689,0.4595,0.3633,0.5806,0.7371,0.7353,2,0.0002306261812167793,1.8869508789698243e-06,1
17,0.4596,0.4623,0.3546,0.5749,0.7592,0.7065,2,0.0002306261812167793,1.8869508789698243e-06,1
18,0.466,0.4617,0.3548,0.5744,0.7531,0.7111,2,0.0002306261812167793,1.8869508789698243e-06,1
19,0.4585,0.4549,0.3738,0.5898,0.7162,0.7728,2,0.0002306261812167793,1.8869508789698243e-06,1
20,0.4605,0.4563,0.3769,0.5843,0.6949,0.7893,2,0.0002306261812167793,1.8869508789698243e-06,1
21,0.456,0.453,0.3752,0.5956,0.7262,0.7713,2,0.0002306261812167793,1.8869508789698243e-06,1
22,0.4673,0.4552,0.3705,0.5891,0.7129,0.7753,2,0.0002306261812167793,1.8869508789698243e-06,1
23,0.4542,0.4538,0.3752,0.592,0.7105,0.7828,2,0.0002306261812167793,1.8869508789698243e-06,1
24,0.4614,0.4563,0.3661,0.5875,0.7475,0.7362,2,0.0002306261812167793,1.8869508789698243e-06,1
25,0.4546,0.4563,0.3596,0.5911,0.7717,0.7201,2,0.0002306261812167793,1.8869508789698243e-06,1
1,0.6842,0.6611,0.0803,0.0,0.0,0.0,2,0.00017320535358459542,0.0007126985539523763,2
2,0.6661,0.6571,0.0826,0.0,0.0,0.0,2,0.00017320535358459542,0.0007126985539523763,2
3,0.6618,0.6546,0.0805,0.0,0.0,0.0,2,0.00017320535358459542,0.0007126985539523763,2
4,0.6357,0.6296,0.1792,0.2543,0.4076,0.4091,2,0.00017320535358459542,0.0007126985539523763,2
5,0.6067,0.5794,0.1981,0.2938,0.5491,0.3897,2,0.00017320535358459542,0.0007126985539523763,2
6,0.5795,0.5565,0.2148,0.3369,0.6655,0.4074,2,0.00017320535358459542,0.0007126985539523763,2
7,0.5573,0.5332,0.2487,0.4531,0.6919,0.5696,2,0.00017320535358459542,0.0007126985539523763,2
8,0.5324,0.5169,0.2808,0.5089,0.6579,0.6935,2,0.00017320535358459542,0.0007126985539523763,2
9,0.5077,0.5002,0.3012,0.5199,0.6858,0.6871,2,0.00017320535358459542,0.0007126985539523763,2
10,0.4973,0.4898,0.3162,0.5318,0.6938,0.6992,2,0.00017320535358459542,0.0007126985539523763,2
11,0.508,0.4863,0.311,0.5279,0.7537,0.6408,2,0.00017320535358459542,0.0007126985539523763,2
12,0.4852,0.479,0.326,0.5454,0.7299,0.6854,2,0.00017320535358459542,0.0007126985539523763,2
13,0.4831,0.4855,0.3449,0.5364,0.6251,0.7946,2,0.00017320535358459542,0.0007126985539523763,2
14,0.4814,0.4739,0.3467,0.5576,0.6793,0.7593,2,0.00017320535358459542,0.0007126985539523763,2
15,0.4806,0.47,0.3454,0.5645,0.7138,0.7316,2,0.00017320535358459542,0.0007126985539523763,2
16,0.4806,0.4707,0.3414,0.559,0.7304,0.7066,2,0.00017320535358459542,0.0007126985539523763,2
17,0.4794,0.4669,0.3543,0.5655,0.6985,0.7506,2,0.00017320535358459542,0.0007126985539523763,2
18,0.478,0.4675,0.3525,0.5663,0.7035,0.7469,2,0.00017320535358459542,0.0007126985539523763,2
19,0.4742,0.4671,0.3446,0.5666,0.7427,0.708,2,0.00017320535358459542,0.0007126985539523763,2
20,0.4754,0.4635,0.3598,0.5714,0.7055,0.7537,2,0.00017320535358459542,0.0007126985539523763,2
21,0.476,0.4664,0.3463,0.5662,0.7517,0.6997,2,0.00017320535358459542,0.0007126985539523763,2
22,0.4771,0.4647,0.3531,0.5716,0.7186,0.7401,2,0.00017320535358459542,0.0007126985539523763,2
23,0.4704,0.4629,0.3537,0.5754,0.7322,0.7314,2,0.00017320535358459542,0.0007126985539523763,2
24,0.4799,0.4643,0.3622,0.5732,0.6847,0.7816,2,0.00017320535358459542,0.0007126985539523763,2
25,0.4744,0.4624,0.3552,0.5771,0.7249,0.7414,2,0.00017320535358459542,0.0007126985539523763,2
1,0.6846,0.6692,0.0739,0.0008,0.0146,0.0008,1,1.0237384946561908e-05,7.75409129821103e-06,1
2,0.678,0.6755,0.0609,0.001,0.0242,0.001,1,1.0237384946561908e-05,7.75409129821103e-06,1
3,0.6702,0.668,0.0723,0.0023,0.0408,0.0025,1,1.0237384946561908e-05,7.75409129821103e-06,1
4,0.6574,0.6349,0.1144,0.0125,0.363,0.013,1,1.0237384946561908e-05,7.75409129821103e-06,1
5,0.6368,0.6268,0.1353,0.0957,0.4666,0.112,1,1.0237384946561908e-05,7.75409129821103e-06,1
6,0.6214,0.6145,0.1385,0.1131,0.5482,0.131,1,1.0237384946561908e-05,7.75409129821103e-06,1
7,0.6133,0.6026,0.1522,0.1536,0.6203,0.1764,1,1.0237384946561908e-05,7.75409129821103e-06,1
8,0.6053,0.5908,0.1685,0.2104,0.6203,0.2473,1,1.0237384946561908e-05,7.75409129821103e-06,1
9,0.5898,0.5896,0.1829,0.263,0.6026,0.3248,1,1.0237384946561908e-05,7.75409129821103e-06,1
10,0.5694,0.5746,0.1961,0.3002,0.6237,0.3696,1,1.0237384946561908e-05,7.75409129821103e-06,1
11,0.5716,0.5641,0.2061,0.3349,0.6762,0.4005,1,1.0237384946561908e-05,7.75409129821103e-06,1
12,0.5542,0.5498,0.2307,0.3947,0.6449,0.5064,1,1.0237384946561908e-05,7.75409129821103e-06,1
13,0.551,0.5386,0.2436,0.4339,0.6738,0.5514,1,1.0237384946561908e-05,7.75409129821103e-06,1
14,0.5445,0.5406,0.2507,0.4662,0.6495,0.6253,1,1.0237384946561908e-05,7.75409129821103e-06,1
15,0.5221,0.5205,0.2665,0.477,0.6961,0.6063,1,1.0237384946561908e-05,7.75409129821103e-06,1
16,0.5326,0.5208,0.2582,0.4643,0.7464,0.5543,1,1.0237384946561908e-05,7.75409129821103e-06,1
17,0.5174,0.5094,0.2795,0.4967,0.7181,0.6223,1,1.0237384946561908e-05,7.75409129821103e-06,1
18,0.516,0.5136,0.282,0.5087,0.6774,0.6752,1,1.0237384946561908e-05,7.75409129821103e-06,1
19,0.5164,0.5048,0.2887,0.5115,0.7059,0.6562,1,1.0237384946561908e-05,7.75409129821103e-06,1
20,0.5121,0.51,0.2898,0.5188,0.6694,0.7026,1,1.0237384946561908e-05,7.75409129821103e-06,1
21,0.4902,0.4995,0.293,0.5182,0.7252,0.6512,1,1.0237384946561908e-05,7.75409129821103e-06,1
22,0.4981,0.4986,0.3001,0.5275,0.6966,0.6889,1,1.0237384946561908e-05,7.75409129821103e-06,1
23,0.4884,0.4947,0.2999,0.5221,0.7227,0.6578,1,1.0237384946561908e-05,7.75409129821103e-06,1
24,0.504,0.4935,0.2991,0.5254,0.7413,0.6479,1,1.0237384946561908e-05,7.75409129821103e-06,1
25,0.4918,0.4873,0.3118,0.5316,0.7278,0.6685,1,1.0237384946561908e-05,7.75409129821103e-06,1
1,0.6373,0.6079,0.1395,0.1182,0.6755,0.1286,1,0.0003484137301494821,1.1420488903390731e-06,1
2,0.5788,0.5793,0.1733,0.2169,0.7366,0.2372,1,0.0003484137301494821,1.1420488903390731e-06,1
3,0.543,0.5852,0.1691,0.207,0.8443,0.2173,1,0.0003484137301494821,1.1420488903390731e-06,1
4,0.4979,0.503,0.296,0.4774,0.8193,0.5416,1,0.0003484137301494821,1.1420488903390731e-06,1
5,0.4861,0.4911,0.3136,0.5117,0.8204,0.5842,1,0.0003484137301494821,1.1420488903390731e-06,1
6,0.4746,0.4746,0.3265,0.5461,0.8001,0.6396,1,0.0003484137301494821,1.1420488903390731e-06,1
7,0.4641,0.464,0.3679,0.5681,0.6701,0.795,1,0.0003484137301494821,1.1420488903390731e-06,1
8,0.4666,0.4639,0.3473,0.5802,0.7342,0.7424,1,0.0003484137301494821,1.1420488903390731e-06,1
9,0.4626,0.4589,0.3586,0.5867,0.7317,0.7542,1,0.0003484137301494821,1.1420488903390731e-06,1
10,0.4689,0.4589,0.3628,0.5825,0.7215,0.758,1,0.0003484137301494821,1.1420488903390731e-06,1
11,0.4651,0.4602,0.3634,0.583,0.7438,0.7361,1,0.0003484137301494821,1.1420488903390731e-06,1
12,0.4602,0.4596,0.3757,0.5762,0.67,0.8113,1,0.0003484137301494821,1.1420488903390731e-06,1
13,0.4525,0.4556,0.3626,0.5923,0.7496,0.7441,1,0.0003484137301494821,1.1420488903390731e-06,1
14,0.4652,0.4536,0.3667,0.5971,0.7315,0.7692,1,0.0003484137301494821,1.1420488903390731e-06,1
15,0.4657,0.4544,0.3661,0.5943,0.7503,0.7454,1,0.0003484137301494821,1.1420488903390731e-06,1
16,0.4594,0.46,0.3549,0.5814,0.7708,0.7083,1,0.0003484137301494821,1.1420488903390731e-06,1
17,0.4587,0.4535,0.373,0.5937,0.7114,0.7871,1,0.0003484137301494821,1.1420488903390731e-06,1
18,0.4544,0.4591,0.3513,0.5821,0.7862,0.6953,1,0.0003484137301494821,1.1420488903390731e-06,1
19,0.4566,0.4549,0.3661,0.59,0.7331,0.7551,1,0.0003484137301494821,1.1420488903390731e-06,1
20,0.4574,0.4511,0.3773,0.5982,0.7103,0.795,1,0.0003484137301494821,1.1420488903390731e-06,1
21,0.4583,0.4521,0.3708,0.5976,0.7369,0.7637,1,0.0003484137301494821,1.1420488903390731e-06,1
22,0.4556,0.4632,0.3486,0.5736,0.7934,0.6781,1,0.0003484137301494821,1.1420488903390731e-06,1
23,0.4582,0.4521,0.3749,0.597,0.7078,0.7968,1,0.0003484137301494821,1.1420488903390731e-06,1
24,0.4559,0.4527,0.3724,0.5955,0.7296,0.77,1,0.0003484137301494821,1.1420488903390731e-06,1
25,0.4514,0.4551,0.3656,0.595,0.7666,0.7316,1,0.0003484137301494821,1.1420488903390731e-06,1
1,0.6273,0.6224,0.113,0.0578,0.7947,0.0591,1,0.0004917595803330562,1.0767397196957084e-06,1
2,0.5667,0.5878,0.1615,0.1797,0.8386,0.1864,1,0.0004917595803330562,1.0767397196957084e-06,1
3,0.5389,0.579,0.1788,0.224,0.8676,0.2322,1,0.0004917595803330562,1.0767397196957084e-06,1
4,0.5024,0.4731,0.3489,0.5503,0.6929,0.7348,1,0.0004917595803330562,1.0767397196957084e-06,1
5,0.483,0.485,0.3181,0.5204,0.8024,0.6031,1,0.0004917595803330562,1.0767397196957084e-06,1
6,0.474,0.4828,0.3163,0.523,0.8061,0.6045,1,0.0004917595803330562,1.0767397196957084e-06,1
7,0.4732,0.4617,0.3537,0.5787,0.7526,0.7191,1,0.0004917595803330562,1.0767397196957084e-06,1
8,0.4644,0.4666,0.3467,0.5653,0.7622,0.6917,1,0.0004917595803330562,1.0767397196957084e-06,1
9,0.4675,0.4611,0.3678,0.5776,0.7063,0.7662,1,0.0004917595803330562,1.0767397196957084e-06,1
10,0.4697,0.4621,0.351,0.5746,0.7548,0.7112,1,0.0004917595803330562,1.0767397196957084e-06,1
11,0.4688,0.4602,0.3665,0.5799,0.7259,0.7491,1,0.0004917595803330562,1.0767397196957084e-06,1
12,0.4581,0.461,0.3726,0.5723,0.6757,0.7943,1,0.0004917595803330562,1.0767397196957084e-06,1
13,0.4702,0.4588,0.3593,0.5822,0.7404,0.7374,1,0.0004917595803330562,1.0767397196957084e-06,1
14,0.4733,0.4633,0.3699,0.5692,0.6629,0.8073,1,0.0004917595803330562,1.0767397196957084e-06,1
15,0.4651,0.4555,0.3621,0.5943,0.7679,0.7287,1,0.0004917595803330562,1.0767397196957084e-06,1
16,0.4622,0.4585,0.3697,0.5803,0.6947,0.7855,1,0.0004917595803330562,1.0767397196957084e-06,1
17,0.4697,0.4629,0.3681,0.5716,0.6716,0.7995,1,0.0004917595803330562,1.0767397196957084e-06,1
18,0.4599,0.4525,0.3716,0.5977,0.7386,0.7645,1,0.0004917595803330562,1.0767397196957084e-06,1
19,0.4521,0.4521,0.3726,0.5976,0.7302,0.7729,1,0.0004917595803330562,1.0767397196957084e-06,1
20,0.4525,0.4504,0.3726,0.6035,0.7364,0.7754,1,0.0004917595803330562,1.0767397196957084e-06,1
21,0.4636,0.4549,0.3697,0.5913,0.736,0.7561,1,0.0004917595803330562,1.0767397196957084e-06,1
22,0.4524,0.452,0.3674,0.6047,0.7712,0.7434,1,0.0004917595803330562,1.0767397196957084e-06,1
23,0.4538,0.4513,0.3812,0.5968,0.7065,0.7995,1,0.0004917595803330562,1.0767397196957084e-06,1
24,0.4687,0.4498,0.3754,0.604,0.7311,0.7817,1,0.0004917595803330562,1.0767397196957084e-06,1
25,0.4588,0.4574,0.365,0.5918,0.7711,0.7245,1,0.0004917595803330562,1.0767397196957084e-06,1
1,0.6257,0.6097,0.1302,0.0989,0.762,0.1031,1,0.0004843404332815055,1.1527469458766352e-06,1
2,0.5705,0.5836,0.1687,0.1992,0.8243,0.2081,1,0.0004843404332815055,1.1527469458766352e-06,1
3,0.5362,0.5475,0.2232,0.3357,0.8099,0.3659,1,0.0004843404332815055,1.1527469458766352e-06,1
4,0.5055,0.4768,0.3501,0.5413,0.6796,0.7378,1,0.0004843404332815055,1.1527469458766352e-06,1
5,0.4872,0.5477,0.2173,0.3175,0.9193,0.3289,1,0.0004843404332815055,1.1527469458766352e-06,1
6,0.4849,0.4852,0.3161,0.5231,0.83,0.5923,1,0.0004843404332815055,1.1527469458766352e-06,1
7,0.4699,0.4609,0.3585,0.5832,0.7103,0.7699,1,0.0004843404332815055,1.1527469458766352e-06,1
8,0.4675,0.46,0.374,0.5775,0.6749,0.8046,1,0.0004843404332815055,1.1527469458766352e-06,1
9,0.4725,0.4627,0.3539,0.5757,0.7573,0.7101,1,0.0004843404332815055,1.1527469458766352e-06,1
10,0.4736,0.462,0.3562,0.5768,0.7558,0.7151,1,0.0004843404332815055,1.1527469458766352e-06,1
11,0.4638,0.4556,0.3717,0.5906,0.7332,0.7586,1,0.0004843404332815055,1.1527469458766352e-06,1
12,0.4684,0.4637,0.3556,0.5763,0.7597,0.7096,1,0.0004843404332815055,1.1527469458766352e-06,1
13,0.4681,0.4596,0.3619,0.579,0.719,0.7519,1,0.0004843404332815055,1.1527469458766352e-06,1
14,0.4571,0.4544,0.3716,0.5903,0.7128,0.7779,1,0.0004843404332815055,1.1527469458766352e-06,1
15,0.4574,0.457,0.369,0.5829,0.7085,0.7703,1,0.0004843404332815055,1.1527469458766352e-06,1
16,0.4648,0.4588,0.3578,0.5844,0.7689,0.713,1,0.0004843404332815055,1.1527469458766352e-06,1
17,0.4594,0.454,0.3684,0.5931,0.7232,0.7711,1,0.0004843404332815055,1.1527469458766352e-06,1
18,0.4604,0.4573,0.3577,0.5857,0.7502,0.7314,1,0.0004843404332815055,1.1527469458766352e-06,1
19,0.4511,0.4518,0.374,0.5981,0.719,0.7841,1,0.0004843404332815055,1.1527469458766352e-06,1
20,0.4552,0.4511,0.3683,0.6032,0.7632,0.7463,1,0.0004843404332815055,1.1527469458766352e-06,1
21,0.4554,0.4517,0.3744,0.5962,0.7221,0.7779,1,0.0004843404332815055,1.1527469458766352e-06,1
22,0.456,0.4572,0.3597,0.5856,0.7585,0.7243,1,0.0004843404332815055,1.1527469458766352e-06,1
23,0.466,0.4526,0.3779,0.5924,0.6946,0.8042,1,0.0004843404332815055,1.1527469458766352e-06,1
24,0.4537,0.4502,0.375,0.6025,0.7334,0.7761,1,0.0004843404332815055,1.1527469458766352e-06,1
25,0.4575,0.4539,0.3669,0.5972,0.7694,0.731,1,0.0004843404332815055,1.1527469458766352e-06,1
1,0.6284,0.6001,0.1492,0.1575,0.6895,0.1771,1,0.0004963590195915081,1.0363131431828254e-06,1
2,0.563,0.5761,0.1768,0.2204,0.8185,0.2323,1,0.0004963590195915081,1.0363131431828254e-06,1
3,0.5392,0.5465,0.2209,0.3276,0.8237,0.3524,1,0.0004963590195915081,1.0363131431828254e-06,1
4,0.5052,0.4805,0.3294,0.5342,0.7411,0.667,1,0.0004963590195915081,1.0363131431828254e-06,1
5,0.4727,0.4778,0.3356,0.5407,0.7786,0.6459,1,0.0004963590195915081,1.0363131431828254e-06,1
6,0.4757,0.4634,0.351,0.5765,0.7517,0.7176,1,0.0004963590195915081,1.0363131431828254e-06,1
7,0.4676,0.4621,0.3649,0.5725,0.682,0.786,1,0.0004963590195915081,1.0363131431828254e-06,1
8,0.4775,0.4593,0.3598,0.5859,0.7149,0.7707,1,0.0004963590195915081,1.0363131431828254e-06,1
9,0.4692,0.4579,0.3695,0.5877,0.7251,0.7636,1,0.0004963590195915081,1.0363131431828254e-06,1
10,0.4682,0.4571,0.3698,0.5846,0.7062,0.777,1,0.0004963590195915081,1.0363131431828254e-06,1
11,0.4649,0.4555,0.3815,0.5896,0.6996,0.7953,1,0.0004963590195915081,1.0363131431828254e-06,1
12,0.4629,0.4576,0.3704,0.5883,0.7364,0.7499,1,0.0004963590195915081,1.0363131431828254e-06,1
13,0.4667,0.4546,0.3656,0.597,0.7611,0.7406,1,0.0004963590195915081,1.0363131431828254e-06,1
14,0.4645,0.4552,0.3725,0.5886,0.7113,0.7782,1,0.0004963590195915081,1.0363131431828254e-06,1
15,0.4555,0.4574,0.3646,0.5872,0.7359,0.749,1,0.0004963590195915081,1.0363131431828254e-06,1
16,0.4576,0.451,0.3725,0.6014,0.7371,0.7709,1,0.0004963590195915081,1.0363131431828254e-06,1
17,0.465,0.4534,0.3733,0.5933,0.7102,0.7877,1,0.0004963590195915081,1.0363131431828254e-06,1
18,0.4643,0.4557,0.3609,0.5897,0.7575,0.7315,1,0.0004963590195915081,1.0363131431828254e-06,1
19,0.4618,0.4545,0.3647,0.5929,0.7468,0.7465,1,0.0004963590195915081,1.0363131431828254e-06,1
20,0.4641,0.4532,0.3689,0.5943,0.7344,0.7605,1,0.0004963590195915081,1.0363131431828254e-06,1
21,0.4628,0.4491,0.3732,0.6068,0.7436,0.7709,1,0.0004963590195915081,1.0363131431828254e-06,1
22,0.4665,0.4572,0.3639,0.5912,0.7673,0.7244,1,0.0004963590195915081,1.0363131431828254e-06,1
23,0.461,0.4543,0.3769,0.5888,0.7034,0.7875,1,0.0004963590195915081,1.0363131431828254e-06,1
24,0.4562,0.4525,0.3716,0.5996,0.7534,0.7505,1,0.0004963590195915081,1.0363131431828254e-06,1
25,0.4596,0.456,0.3636,0.5903,0.7606,0.7292,1,0.0004963590195915081,1.0363131431828254e-06,1